{"cameraMode":{"drawMode":0,"name":"Shaded","section":"Shading Mode"},"sceneLighting":true,"audioPlay":false,"sceneViewState":{"m_AlwaysRefresh":false,"showFog":true,"showSkybox":true,"showFlares":true,"showImageEffects":true,"showParticleSystems":true,"showVisualEffectGraphs":true,"m_FxEnabled":true},"in2DMode":false,"pivot":{"x":-1.1674258708953858,"y":5.281190872192383,"z":-18.914390563964845},"rotation":{"x":0.010807792656123639,"y":0.001810215413570404,"z":-0.000005205764409765834,"w":0.9999244213104248},"size":27.939273834228517,"orthographic":false}