{"cameraMode":{"drawMode":0,"name":"Shaded","section":"Shading Mode"},"sceneLighting":true,"audioPlay":false,"sceneViewState":{"m_AlwaysRefresh":false,"showFog":true,"showSkybox":true,"showFlares":true,"showImageEffects":true,"showParticleSystems":true,"showVisualEffectGraphs":true,"m_FxEnabled":true},"in2DMode":false,"pivot":{"x":-15.600001335144043,"y":-5.4199981689453129,"z":30.860000610351564},"rotation":{"x":0.26839473843574526,"y":-0.10205382853746414,"z":0.028614507988095285,"w":0.9574501514434815},"size":50.512245178222659,"orthographic":false}