{"cameraMode":{"drawMode":0,"name":"Shaded","section":"Shading Mode"},"sceneLighting":true,"audioPlay":false,"sceneViewState":{"m_AlwaysRefresh":false,"showFog":true,"showSkybox":true,"showFlares":true,"showImageEffects":true,"showParticleSystems":true,"showVisualEffectGraphs":true,"m_FxEnabled":true},"in2DMode":false,"pivot":{"x":50.39259338378906,"y":-6.173244476318359,"z":45.25022888183594},"rotation":{"x":0.1689903438091278,"y":0.006218770053237677,"z":-0.0010640801629051567,"w":0.9855953454971314},"size":41.925384521484378,"orthographic":false}