{"cameraMode":{"drawMode":0,"name":"Shaded","section":"Shading Mode"},"sceneLighting":true,"audioPlay":false,"sceneViewState":{"m_AlwaysRefresh":false,"showFog":true,"showSkybox":true,"showFlares":true,"showImageEffects":true,"showParticleSystems":true,"showVisualEffectGraphs":true,"m_FxEnabled":true},"in2DMode":false,"pivot":{"x":-13.573545455932618,"y":-9.746437072753907,"z":30.687179565429689},"rotation":{"x":0.027269350364804269,"y":0.05126802250742912,"z":-0.0013988048303872347,"w":0.9983116388320923},"size":38.969181060791019,"orthographic":false}