{"cameraMode":{"drawMode":0,"name":"Shaded","section":"Shading Mode"},"sceneLighting":true,"audioPlay":false,"sceneViewState":{"m_AlwaysRefresh":false,"showFog":true,"showSkybox":true,"showFlares":true,"showImageEffects":true,"showParticleSystems":true,"showVisualEffectGraphs":true,"m_FxEnabled":true},"in2DMode":false,"pivot":{"x":39.07804489135742,"y":65.66353607177735,"z":34.123329162597659},"rotation":{"x":0.17186184227466584,"y":0.031330954283475879,"z":-0.0054661547765135769,"w":0.9846042394638062},"size":32.72007369995117,"orthographic":false}