{"cameraMode":{"drawMode":0,"name":"Shaded","section":"Shading Mode"},"sceneLighting":true,"audioPlay":false,"sceneViewState":{"m_AlwaysRefresh":false,"showFog":true,"showSkybox":false,"showFlares":true,"showImageEffects":true,"showParticleSystems":true,"showVisualEffectGraphs":true,"m_FxEnabled":true},"in2DMode":false,"pivot":{"x":-34.927215576171878,"y":-37.45940017700195,"z":12.483280181884766},"rotation":{"x":0.13784262537956239,"y":-0.019005998969078065,"z":0.002647883491590619,"w":0.9902655482292175},"size":20.663663864135743,"orthographic":false}