{"cameraMode":{"drawMode":0,"name":"Shaded","section":"Shading Mode"},"sceneLighting":true,"audioPlay":false,"sceneViewState":{"m_AlwaysRefresh":false,"showFog":true,"showSkybox":false,"showFlares":true,"showImageEffects":true,"showParticleSystems":true,"showVisualEffectGraphs":true,"m_FxEnabled":true},"in2DMode":false,"pivot":{"x":2.989999771118164,"y":-36.70000076293945,"z":14.859999656677246},"rotation":{"x":0.1689903438091278,"y":0.006218770053237677,"z":-0.0010640801629051567,"w":0.9855953454971314},"size":19.13165855407715,"orthographic":false}