{"cameraMode":{"drawMode":0,"name":"Shaded","section":"Shading Mode"},"sceneLighting":false,"audioPlay":false,"sceneViewState":{"m_AlwaysRefresh":false,"showFog":true,"showSkybox":false,"showFlares":true,"showImageEffects":true,"showParticleSystems":true,"showVisualEffectGraphs":true,"m_FxEnabled":true},"in2DMode":false,"pivot":{"x":14.4000244140625,"y":-27.29998779296875,"z":31.049999237060548},"rotation":{"x":0.010807792656123639,"y":0.001810215413570404,"z":-0.000005205764409765834,"w":0.9999244213104248},"size":70.71067810058594,"orthographic":false}